ckpt,data_csv,n_samples,RMSE_W,MAE_W,R2,Delta_MAE_W_per_step,Cd,Crr,m_kg,Paux_W,eta,eta_reg
/home/hans/MEIC/EVPINN/pino_teslaS_params.pt,/home/hans/MEIC/EVPINN/teslaS_SG.csv,8802,1636.2589189978462,1031.087646484375,0.9678859710693359,418.6337890625,0.22191748023033142,0.006668737158179283,2246.800537109375,236.12689208984375,0.8282074928283691,0.7272979021072388
