vehicle,rmse_W,mae_W,r2,derivative_mae_W_per_sample,Cd,Crr,m_kg,Paux_W,eta,etar
teslaS,2194.449958136266,1386.3896012317246,0.9388745160629053,332.1509849229947,0.23857524991035461,0.010476781986653805,2246.800537109375,236.12689208984375,0.8282074928283691,0.7272979021072388
