vehicle,rmse_W,mae_W,r2,derivative_mae_W_per_sample,Cd,Crr,m_kg,Paux_W,eta,etar
ev9,10954.252701835243,6525.513781174223,0.8038115424445437,2026.1689431265538,0.2788048982620239,0.0072144740261137486,2784.375,744.1328125,0.8446674942970276,0.7278849482536316
