vehicle,rmse_W,mae_W,r2,derivative_mae_W_per_sample,Cd,Crr,m_kg,Paux_W,eta,etar
tesla3,2275.641109254171,1442.9031604210356,0.9672040157226043,334.5689826272915,0.2348640263080597,0.009462397545576096,1977.1524658203125,1046.91845703125,0.8301501274108887,0.7413312196731567
