ckpt,data_csv,n_samples,RMSE_W,MAE_W,R2,Delta_MAE_W_per_step,Cd,Crr,m_kg,Paux_W,eta,eta_reg
/home/hans/MEIC/EVPINN/pino_ev_params.pt,/home/hans/MEIC/EVPINN/Tesla3_JW_SG.csv,9574,1465.808906372178,884.331298828125,0.9797847270965576,317.6026306152344,0.23311279714107513,0.009315374307334423,1960.400634765625,1033.9178466796875,0.8423730731010437,0.7876636981964111
